"Symbol,""Name"",""LastSale"",""MarketCap"",""ADR TSO"",""IPOyear"",""Sector"",""Industry"",""Summary Quote"",";
"FAX,""Aberdeen Asia-Pacific Income Fund Inc"",""5.88"",""1572358616.64"",""n/a"",""1986"",""n/a"",""n/a"",""http://www.nasdaq.com/symbol/fax"",";
"IAF,""Aberdeen Australia Equity Fund Inc"",""8.92"",""201361141.48"",""n/a"",""n/a"",""n/a"",""n/a"",""http://www.nasdaq.com/symbol/iaf"",";
"CH,""Aberdeen Chile Fund, Inc."",""11.88"",""111511584.36"",""n/a"",""n/a"",""n/a"",""n/a"",""http://www.nasdaq.com/symbol/ch"",";
"ETF,""Aberdeen Emerging Markets Smaller Company Opportunities Fund I"",""13.26"",""109350777.9"",""n/a"",""1992"",""n/a"",""n/a"",""http://www.nasdaq.com/symbol/etf"",";
"FCO,""Aberdeen Global Income Fund, Inc."",""10.59"",""99589948.5"",""n/a"",""1992"",""n/a"",""n/a"",""http://www.nasdaq.com/symbol/fco"",";
"IF,""Aberdeen Indonesia Fund, Inc."",""8.42"",""79865779.74"",""n/a"",""1990"",""n/a"",""n/a"",""http://www.nasdaq.com/symbol/if"",";
"ISL,""Aberdeen Israel Fund, Inc."",""17.1"",""72249637.5"",""n/a"",""1992"",""n/a"",""n/a"",""http://www.nasdaq.com/symbol/isl"",";
"ACU,""Acme United Corporation."",""14.5"",""46343479"",""n/a"",""1988"",""Capital Goods"",""Industrial Machinery/Components"",""http://www.nasdaq.com/symbol/acu"",";
"AE,""Adams Resources & Energy, Inc."",""67.52"",""284772081.92"",""n/a"",""n/a"",""Energy"",""Oil Refining/Marketing"",""http://www.nasdaq.com/symbol/ae"",";
"ADK,""Adcare Health Systems Inc"",""4.45"",""70166020.25"",""n/a"",""n/a"",""Health Care"",""Hospital/Nursing Management"",""http://www.nasdaq.com/symbol/adk"",";
"ADK^A,""Adcare Health Systems Inc"",""27.1025"",""0"",""n/a"",""n/a"",""n/a"",""n/a"",""http://www.nasdaq.com/symbol/adk^a"",";
"API,""Advanced Photonix, Inc."",""0.73"",""22808660.2"",""n/a"",""n/a"",""Technology"",""Semiconductors"",""http://www.nasdaq.com/symbol/api"",";
"ACY,""AeroCentury Corp."",""16.3501"",""25232406.2757"",""n/a"",""n/a"",""Technology"",""Diversified Commercial Services"",""http://www.nasdaq.com/symbol/acy"",";
"AIRI,""Air Industries Group"",""8.6001"",""50259784.2093"",""n/a"",""n/a"",""Capital Goods"",""Military/Government/Technical"",""http://www.nasdaq.com/symbol/airi"",";
"AA^,""Alcoa Inc."",""78.45"",""0"",""n/a"",""n/a"",""Capital Goods"",""Metal Fabrications"",""http://www.nasdaq.com/symbol/aa^"",";
"AXX,""Alderon Iron Ore Corp."",""1.69"",""219943642.23"",""n/a"",""n/a"",""Basic Industries"",""Precious Metals"",""http://www.nasdaq.com/symbol/axx"",";
"AXU,""Alexco Resource Corp"",""1.69"",""105749887.62"",""n/a"",""n/a"",""Basic Industries"",""Precious Metals"",""http://www.nasdaq.com/symbol/axu"",";
"ANV,""Allied Nevada Gold Corp."",""4.83"",""502528506.27"",""n/a"",""n/a"",""Basic Industries"",""Precious Metals"",""http://www.nasdaq.com/symbol/anv"",";
"AAU,""Almaden Minerals, Ltd."",""1.54"",""99335114.34"",""n/a"",""n/a"",""Basic Industries"",""Precious Metals"",""http://www.nasdaq.com/symbol/aau"",";
"APT,""Alpha Pro Tech, Ltd."",""2.199"",""41607738.591"",""n/a"",""n/a"",""Health Care"",""Industrial Specialties"",""http://www.nasdaq.com/symbol/apt"",";
"ALTV,""Alteva (D/B/A)"",""8.18"",""50232472.02"",""n/a"",""n/a"",""Public Utilities"",""Telecommunications Equipment"",""http://www.nasdaq.com/symbol/altv"",";
"AAMC,""Altisource Asset Management Corp"",""1179.78"",""2773771319.76"",""n/a"",""n/a"",""Finance"",""Real Estate"",""http://www.nasdaq.com/symbol/aamc"",";
"DIT,""AMCON Distributing Company"",""80.0001"",""50636703.2958"",""n/a"",""n/a"",""Consumer Non-Durables"",""Food Distributors"",""http://www.nasdaq.com/symbol/dit"",";
"APP,""American Apparel Inc"",""1.11"",""123583944.57"",""n/a"",""n/a"",""Finance"",""Business Services"",""http://www.nasdaq.com/symbol/app"",";
"ADGE,""American DG Energy Inc."",""2.4"",""118043006.4"",""n/a"",""n/a"",""Energy"",""Electric Utilities: Central"",""http://www.nasdaq.com/symbol/adge"",";
"AMZG,""American Eagle Energy Corporation."",""1.77"",""125376427.8"",""n/a"",""n/a"",""Basic Industries"",""Precious Metals"",""http://www.nasdaq.com/symbol/amzg"",";
"ALN,""American Lorain Corporation"",""0.97"",""33578212.58"",""n/a"",""n/a"",""Consumer Non-Durables"",""Packaged Foods"",""http://www.nasdaq.com/symbol/aln"",";
"AMS,""American Shared Hospital Services"",""2.95"",""13596166.5"",""n/a"",""n/a"",""Health Care"",""Medical Specialities"",""http://www.nasdaq.com/symbol/ams"",";
"AQQ,""American Spectrum Realty, Inc."",""1.188"",""4428745.2"",""n/a"",""n/a"",""Consumer Services"",""Real Estate Investment Trusts"",""http://www.nasdaq.com/symbol/aqq"",";
"AMPE,""Ampio Pharmaceuticals, Inc."",""8.93"",""375050498.48"",""n/a"",""n/a"",""Health Care"",""Major Pharmaceuticals"",""http://www.nasdaq.com/symbol/ampe"",";
"AXN,""Aoxing Pharmaceutical Company, Inc."",""0.2675"",""13293364.885"",""n/a"",""n/a"",""Health Care"",""Major Pharmaceuticals"",""http://www.nasdaq.com/symbol/axn"",";
"AMCO,""Armco Metals Holdings, Inc."",""0.47"",""12933581.26"",""n/a"",""n/a"",""Consumer Durables"",""Steel/Iron Ore"",""http://www.nasdaq.com/symbol/amco"",";
"HRT,""Arrhythmia Research Technology Inc."",""4.2397"",""11465162.0883"",""n/a"",""n/a"",""Health Care"",""Biotechnology: Electromedical & Electrotherapeutic Apparatus"",""http://www.nasdaq.com/symbol/hrt"",";
"AKG,""Asanko Gold Inc."",""1.73"",""147144004.74"",""n/a"",""n/a"",""Basic Industries"",""Mining & Quarrying of Nonmetallic Minerals (No Fuels)"",""http://www.nasdaq.com/symbol/akg"",";
"ATL,""Atlatsa Resources Corporation"",""0.58"",""117095314.34"",""n/a"",""n/a"",""Basic Industries"",""Precious Metals"",""http://www.nasdaq.com/symbol/atl"",";
"AZC,""Augusta Resource Corporation"",""1.41"",""203819414.16"",""n/a"",""n/a"",""Basic Industries"",""Precious Metals"",""http://www.nasdaq.com/symbol/azc"",";
"AWX,""Avalon Holdings Corporation"",""5.3899"",""20499573.7569"",""n/a"",""n/a"",""Public Utilities"",""Environmental Services"",""http://www.nasdaq.com/symbol/awx"",";
"AVL,""Avalon Rare Metals, Inc."",""0.56"",""61533888.08"",""n/a"",""n/a"",""Basic Industries"",""Precious Metals"",""http://www.nasdaq.com/symbol/avl"",";
"ASM,""Avino Silver"",""1.27"",""34910819.18"",""n/a"",""n/a"",""Basic Industries"",""Precious Metals"",""http://www.nasdaq.com/symbol/asm"",";
"BTG,""B2Gold Corp"",""2.5"",""1686781887.5"",""n/a"",""n/a"",""Basic Industries"",""Precious Metals"",""http://www.nasdaq.com/symbol/btg"",";
"BONE,""Bacterin International Holdings, Inc."",""0.76"",""39325543.36"",""n/a"",""n/a"",""Health Care"",""Biotechnology: Biological Products (No Diagnostic Substances)"",""http://www.nasdaq.com/symbol/bone"",";
"BTN,""Ballantyne Strong, Inc"",""5"",""70697310"",""n/a"",""n/a"",""Miscellaneous"",""Industrial Machinery/Components"",""http://www.nasdaq.com/symbol/btn"",";
"BKJ,""Bancorp of New Jersey, Inc"",""13.5"",""72161091"",""n/a"",""n/a"",""Finance"",""Major Banks"",""http://www.nasdaq.com/symbol/bkj"",";
"BCV,""Bancroft Fund Limited"",""19.05"",""101720884.95"",""n/a"",""n/a"",""n/a"",""n/a"",""http://www.nasdaq.com/symbol/bcv"",";
"BAA,""BANRO CORPORATION"",""0.62"",""156302416.64"",""n/a"",""n/a"",""Basic Industries"",""Precious Metals"",""http://www.nasdaq.com/symbol/baa"",";
"BHB,""Bar Harbor Bankshares, Inc."",""38.73"",""152533225.02"",""n/a"",""n/a"",""Finance"",""Major Banks"",""http://www.nasdaq.com/symbol/bhb"",";
"BRN,""Barnwell Industries, Inc."",""3.28"",""27149084.8"",""n/a"",""n/a"",""Energy"",""Oil & Gas Production"",""http://www.nasdaq.com/symbol/brn"",";
"BXE,""Bellatrix Exploration Ltd"",""7.47"",""1274174124.84"",""n/a"",""n/a"",""Energy"",""Oil & Gas Production"",""http://www.nasdaq.com/symbol/bxe"",";
"BIR^A,""Berkshire Income Realty, Inc."",""26.5005"",""0"",""n/a"",""n/a"",""n/a"",""n/a"",""http://www.nasdaq.com/symbol/bir^a"",";
"BTX,""BioTime, Inc."",""4.13"",""277547060.14"",""n/a"",""n/a"",""Health Care"",""Biotechnology: Biological Products (No Diagnostic Substances)"",""http://www.nasdaq.com/symbol/btx"",";
"BGI,""Birks Group Inc."",""1.08"",""19267813.44"",""n/a"",""n/a"",""n/a"",""n/a"",""http://www.nasdaq.com/symbol/bgi"",";
"BQY,""BlackRock Dividend Income Trust"",""12.8731"",""77663772.7468"",""n/a"",""2004"",""n/a"",""n/a"",""http://www.nasdaq.com/symbol/bqy"",";
"BZM,""BlackRock Maryland Municipal Bond Trust"",""13.1"",""27173827.8"",""n/a"",""2002"",""n/a"",""n/a"",""http://www.nasdaq.com/symbol/bzm"",";
"MHE,""BlackRock Massachusetts Tax-Exempt Trust"",""12.12"",""28632106.2"",""n/a"",""1993"",""n/a"",""n/a"",""http://www.nasdaq.com/symbol/mhe"",";
"BLE,""BlackRock Municipal Income Trust II"",""13.67"",""320454723.63"",""n/a"",""2002"",""n/a"",""n/a"",""http://www.nasdaq.com/symbol/ble"",";
"BLJ,""Blackrock New Jersey Municipal Bond Trust"",""13.63"",""31688618.71"",""n/a"",""2002"",""n/a"",""n/a"",""http://www.nasdaq.com/symbol/blj"",";
"BFY,""BlackRock New York Municipal Income Trust II"",""13.18"",""65885646.98"",""n/a"",""2002"",""n/a"",""n/a"",""http://www.nasdaq.com/symbol/bfy"",";
"BPS,""BlackRock Pennsylvania Strategic Municipal Trust (The)"",""12.25"",""24893408.75"",""n/a"",""1999"",""n/a"",""n/a"",""http://www.nasdaq.com/symbol/bps"",";
"BHV,""BlackRock Virginia Municipal Bond Trust"",""15.232"",""24161714.304"",""n/a"",""2002"",""n/a"",""n/a"",""http://www.nasdaq.com/symbol/bhv"",";
"BDR,""Blonder Tongue Laboratories, Inc."",""0.9799"",""6090770.3094"",""n/a"",""n/a"",""Technology"",""Radio And Television Broadcasting And Communications Equipment"",""http://www.nasdaq.com/symbol/bdr"",";
"BVX,""Bovie Medical Corporation"",""2.4999"",""44564057.3664"",""n/a"",""n/a"",""Health Care"",""Medical/Dental Instruments"",""http://www.nasdaq.com/symbol/bvx"",";
"BWL/A,""Bowl America, Inc."",""14.2"",""0"",""n/a"",""n/a"",""Consumer Services"",""Services-Misc. Amusement & Recreation"",""http://www.nasdaq.com/symbol/bwl/a"",";
"BZC,""Breeze-Eastern Corporation"",""9.16"",""88515076.88"",""n/a"",""n/a"",""Capital Goods"",""Military/Government/Technical"",""http://www.nasdaq.com/symbol/bzc"",";
"BRD,""Brigus Gold Corp"",""0.94"",""218197042.22"",""n/a"",""n/a"",""Basic Industries"",""Precious Metals"",""http://www.nasdaq.com/symbol/brd"",";
"BTI,""British American Tobacco p.l.c."",""101.08"",""95365950632.4"",""n/a"",""n/a"",""Consumer Non-Durables"",""Farming/Seeds/Milling"",""http://www.nasdaq.com/symbol/bti"",";
"CAK,""CAMAC Energy Inc."",""1.43"",""227233636.63"",""n/a"",""n/a"",""Energy"",""Oil & Gas Production"",""http://www.nasdaq.com/symbol/cak"",";
"CANF,""Can-Fite Biopharma Ltd"",""6.14"",""43818337.18"",""n/a"",""n/a"",""Health Care"",""Major Pharmaceuticals"",""http://www.nasdaq.com/symbol/canf"",";
"CXM,""Cardium Therapeutics, Inc."",""0.785"",""6417904.09"",""n/a"",""n/a"",""Health Care"",""Biotechnology: Biological Products (No Diagnostic Substances)"",""http://www.nasdaq.com/symbol/cxm"",";
"ROX,""Castle Brands, Inc."",""0.815"",""90987753.225"",""n/a"",""2006"",""Consumer Non-Durables"",""Beverages (Production/Distribution)"",""http://www.nasdaq.com/symbol/rox"",";
"CAW,""CCA Industries, Inc."",""3.15"",""22071054.6"",""n/a"",""n/a"",""Consumer Non-Durables"",""Package Goods/Cosmetics"",""http://www.nasdaq.com/symbol/caw"",";
"CVM,""Cel-Sci Corporation"",""0.865"",""48248641.24"",""n/a"",""n/a"",""Health Care"",""Biotechnology: Biological Products (No Diagnostic Substances)"",""http://www.nasdaq.com/symbol/cvm"",";
"CEF,""Central Fund of Canada Limited"",""13.82"",""3516260093.66"",""n/a"",""n/a"",""n/a"",""n/a"",""http://www.nasdaq.com/symbol/cef"",";
"GTU,""Central Gold Trust"",""43.96"",""848384040"",""n/a"",""n/a"",""n/a"",""n/a"",""http://www.nasdaq.com/symbol/gtu"",";
"CET,""Central Securities Corporation"",""21.92"",""507532435.84"",""n/a"",""n/a"",""n/a"",""n/a"",""http://www.nasdaq.com/symbol/cet"",";
"CCF,""Chase Corporation"",""36.48"",""331861405.44"",""n/a"",""n/a"",""Consumer Durables"",""Building Products"",""http://www.nasdaq.com/symbol/ccf"",";
"CQH,""Cheniere Energy Partners LP Holdings, LLC"",""18.61"",""4311937000"",""n/a"",""2013"",""Public Utilities"",""Oil/Gas Transmission"",""http://www.nasdaq.com/symbol/cqh"",";
"CQP,""Cheniere Energy Partners, LP"",""27.78"",""9383973241.14"",""n/a"",""2007"",""Public Utilities"",""Oil/Gas Transmission"",""http://www.nasdaq.com/symbol/cqp"",";
"LNG,""Cheniere Energy, Inc."",""45.93"",""10972493739.3"",""n/a"",""n/a"",""Public Utilities"",""Oil/Gas Transmission"",""http://www.nasdaq.com/symbol/lng"",";
"CVR,""Chicago Rivet & Machine Co."",""36.751"",""35506317.132"",""n/a"",""n/a"",""Technology"",""Industrial Machinery/Components"",""http://www.nasdaq.com/symbol/cvr"",";
"CHGS,""China GengSheng Minerals, Inc."",""0.2949"",""7904217.6756"",""n/a"",""n/a"",""Consumer Durables"",""Miscellaneous manufacturing industries"",""http://www.nasdaq.com/symbol/chgs"",";
"CNR,""China Metro-Rural Holdings Limited"",""0.95"",""69866592.9"",""n/a"",""n/a"",""Finance"",""Real Estate"",""http://www.nasdaq.com/symbol/cnr"",";
"CPHI,""China Pharma Holdings, Inc."",""0.5"",""21789778.5"",""n/a"",""n/a"",""Health Care"",""Major Pharmaceuticals"",""http://www.nasdaq.com/symbol/cphi"",";
"CKX,""CKX Lands, Inc."",""15"",""29137425"",""n/a"",""n/a"",""Energy"",""Oil & Gas Production"",""http://www.nasdaq.com/symbol/ckx"",";
"GLV,""Clough Global Allocation Fund"",""15.35"",""160171202.1"",""n/a"",""2004"",""n/a"",""n/a"",""http://www.nasdaq.com/symbol/glv"",";
"GLQ,""Clough Global Equity Fund"",""15.44"",""275460485.2"",""n/a"",""2005"",""n/a"",""n/a"",""http://www.nasdaq.com/symbol/glq"",";
"GLO,""Clough Global Opportunities Fund"",""12.87"",""665853375.33"",""n/a"",""2006"",""n/a"",""n/a"",""http://www.nasdaq.com/symbol/glo"",";
"CRV,""Coast Distribution System, Inc. (The)"",""3.51"",""17889536.34"",""n/a"",""n/a"",""Capital Goods"",""Automotive Aftermarket"",""http://www.nasdaq.com/symbol/crv"",";
"MOC,""Command Security Corporation"",""2.13"",""19643920.74"",""n/a"",""n/a"",""Consumer Services"",""Diversified Commercial Services"",""http://www.nasdaq.com/symbol/moc"",";
"CIX,""CompX International Inc."",""13.8"",""171080076.6"",""n/a"",""1998"",""Capital Goods"",""Industrial Machinery/Components"",""http://www.nasdaq.com/symbol/cix"",";
"LODE,""Comstock Mining, Inc."",""1.9"",""129185903.9"",""n/a"",""n/a"",""Basic Industries"",""Precious Metals"",""http://www.nasdaq.com/symbol/lode"",";
"CTO,""Consolidated-Tomoka Land Co."",""35.9"",""210530488.1"",""n/a"",""n/a"",""Finance"",""Real Estate"",""http://www.nasdaq.com/symbol/cto"",";
"CEP,""Constellation Energy Partners, LLC"",""2.27"",""68278792.01"",""n/a"",""n/a"",""Energy"",""Oil & Gas Production"",""http://www.nasdaq.com/symbol/cep"",";
"MCF,""Contango Oil & Gas Company"",""45.25"",""687571578"",""n/a"",""n/a"",""Energy"",""Oil & Gas Production"",""http://www.nasdaq.com/symbol/mcf"",";
"CUO,""Continental Materials Corporation"",""20.91"",""34431953.34"",""n/a"",""n/a"",""Capital Goods"",""Building Materials"",""http://www.nasdaq.com/symbol/cuo"",";
"CMT,""Core Molding Technologies Inc"",""13.26"",""98528522.82"",""n/a"",""n/a"",""Consumer Non-Durables"",""Plastic Products"",""http://www.nasdaq.com/symbol/cmt"",";
"CRMD,""CorMedix Inc"",""2.45"",""39603064.2"",""n/a"",""n/a"",""Health Care"",""Major Pharmaceuticals"",""http://www.nasdaq.com/symbol/crmd"",";
"CRMD/WS,""CorMedix Inc"",""0.74"",""0"",""n/a"",""n/a"",""n/a"",""n/a"",""http://www.nasdaq.com/symbol/crmd/ws"",";
"CFP,""Cornerstone Progressive Return Fund"",""5.25"",""132683486.25"",""n/a"",""n/a"",""n/a"",""n/a"",""http://www.nasdaq.com/symbol/cfp"",";
"CRF,""Cornerstone Strategic Return Fund, Inc. (The)"",""5.9897"",""61924980.6466"",""n/a"",""n/a"",""n/a"",""n/a"",""http://www.nasdaq.com/symbol/crf"",";
"CLM,""Cornerstone Strategic Value Fund, Inc."",""6.58"",""124460996.1"",""n/a"",""1987"",""n/a"",""n/a"",""http://www.nasdaq.com/symbol/clm"",";
"COVR,""Cover-All Technologies Inc."",""1.54"",""40532348.78"",""n/a"",""n/a"",""Technology"",""Computer Software: Prepackaged Software"",""http://www.nasdaq.com/symbol/covr"",";
"CVU,""CPI Aerostructures, Inc."",""14.88"",""124872275.52"",""n/a"",""n/a"",""Capital Goods"",""Military/Government/Technical"",""http://www.nasdaq.com/symbol/cvu"",";
"CIK,""Credit Suisse Asset Management Income Fund, Inc."",""3.66"",""191122359.84"",""n/a"",""n/a"",""n/a"",""n/a"",""http://www.nasdaq.com/symbol/cik"",";
"DHY,""Credit Suisse High Yield Bond Fund"",""3.12"",""305031564.24"",""n/a"",""1998"",""n/a"",""n/a"",""http://www.nasdaq.com/symbol/dhy"",";
"EXE,""Crexendo, Inc."",""3.07"",""33142706.9"",""n/a"",""n/a"",""Technology"",""EDP Services"",""http://www.nasdaq.com/symbol/exe"",";
"CRVP,""Crystal Rock Holdings, Inc."",""1.07"",""22862594.77"",""n/a"",""n/a"",""Consumer Non-Durables"",""Food Distributors"",""http://www.nasdaq.com/symbol/crvp"",";
"CTP,""CTPartners Executive Search Inc."",""6.6"",""46672903.2"",""n/a"",""2010"",""Technology"",""Diversified Commercial Services"",""http://www.nasdaq.com/symbol/ctp"",";
"DXR,""Daxor Corporation"",""6.74"",""27744158.56"",""n/a"",""n/a"",""Health Care"",""Medical/Dental Instruments"",""http://www.nasdaq.com/symbol/dxr"",";
"DEJ,""Dejour Energy Inc."",""0.1531"",""22799096.8594"",""n/a"",""n/a"",""Energy"",""Oil & Gas Production"",""http://www.nasdaq.com/symbol/dej"",";
"VCF,""Delaware Investments Colorado Municipal Income Fund, Inc"",""12.83"",""62059993"",""n/a"",""1993"",""n/a"",""n/a"",""http://www.nasdaq.com/symbol/vcf"",";
"VFL,""Delaware Investments Florida Insured Municipal Income Fund"",""12.1001"",""54794613.1443"",""n/a"",""1993"",""n/a"",""n/a"",""http://www.nasdaq.com/symbol/vfl"",";
"VMM,""Delaware Investments Minnesota Municipal Income Fund II, Inc."",""12.66"",""145652983.5"",""n/a"",""1993"",""n/a"",""n/a"",""http://www.nasdaq.com/symbol/vmm"",";
"DLA,""Delta Apparel, Inc."",""17.5"",""137792340"",""n/a"",""n/a"",""Consumer Non-Durables"",""Apparel"",""http://www.nasdaq.com/symbol/dla"",";
"DNN,""Denison Mine Corp"",""1.32"",""594481376.28"",""n/a"",""n/a"",""Basic Industries"",""Precious Metals"",""http://www.nasdaq.com/symbol/dnn"",";
"DGSE,""DGSE Companies, Inc."",""2.25"",""27395064"",""n/a"",""n/a"",""Consumer Services"",""Consumer Specialties"",""http://www.nasdaq.com/symbol/dgse"",";
"DPW,""Digital Power Corporation"",""0.67"",""4591617.87"",""n/a"",""n/a"",""Capital Goods"",""Industrial Machinery/Components"",""http://www.nasdaq.com/symbol/dpw"",";
"DSS,""Document Security Systems, Inc."",""1.47"",""72368333.73"",""n/a"",""n/a"",""Technology"",""EDP Services"",""http://www.nasdaq.com/symbol/dss"",";
"DMF,""Dreyfus Municipal Income, Inc."",""8.71"",""180425472.5"",""n/a"",""1988"",""n/a"",""n/a"",""http://www.nasdaq.com/symbol/dmf"",";
"GRF,""Eagle Capital Growth Fund, Inc."",""7.87"",""24594725.88"",""n/a"",""n/a"",""n/a"",""n/a"",""http://www.nasdaq.com/symbol/grf"",";
"ESTE,""Earthstone Energy, Inc."",""18.27"",""31648207.5"",""n/a"",""n/a"",""Energy"",""Oil & Gas Production"",""http://www.nasdaq.com/symbol/este"",";
"EVM,""Eaton Vance California Municipal Bond Fund"",""10.53"",""229092638.58"",""n/a"",""2002"",""n/a"",""n/a"",""http://www.nasdaq.com/symbol/evm"",";
"EIA,""Eaton Vance California Municipal Bond Fund II"",""11.1"",""43126053"",""n/a"",""2002"",""n/a"",""n/a"",""http://www.nasdaq.com/symbol/eia"",";
"CEV,""Eaton Vance California Municipal Income Trust"",""11.85"",""86043738.75"",""n/a"",""1999"",""n/a"",""n/a"",""http://www.nasdaq.com/symbol/cev"",";
"EVV,""Eaton Vance Limited Duration Income Fund"",""15.22"",""1789065613.96"",""n/a"",""2003"",""n/a"",""n/a"",""http://www.nasdaq.com/symbol/evv"",";
"MAB,""Eaton Vance Massachusetts Municipal Bond Fund"",""12.79"",""22619294.06"",""n/a"",""2002"",""n/a"",""n/a"",""http://www.nasdaq.com/symbol/mab"",";
"MMV,""Eaton Vance Massachusetts Municipal Income Trust"",""12.77"",""35124153.17"",""n/a"",""1999"",""n/a"",""n/a"",""http://www.nasdaq.com/symbol/mmv"",";
"MIW,""Eaton Vance Michigan Municipal Bond Fund"",""12.03"",""18214201.95"",""n/a"",""2002"",""n/a"",""n/a"",""http://www.nasdaq.com/symbol/miw"",";
"EMI,""Eaton Vance Michigan Municipal Income Trust"",""11.45"",""24231566.3"",""n/a"",""1999"",""n/a"",""n/a"",""http://www.nasdaq.com/symbol/emi"",";
"EIM,""Eaton Vance Municipal Bond Fund"",""11.86"",""808475445"",""n/a"",""2002"",""n/a"",""n/a"",""http://www.nasdaq.com/symbol/eim"",";
"EIV,""Eaton Vance Municipal Bond Fund II"",""11.5"",""115153881.5"",""n/a"",""2002"",""n/a"",""n/a"",""http://www.nasdaq.com/symbol/eiv"",";
"EMJ,""Eaton Vance New Jersey Municipal Bond Fund"",""12.07"",""31489543.7"",""n/a"",""2002"",""n/a"",""n/a"",""http://www.nasdaq.com/symbol/emj"",";
"EVJ,""Eaton Vance New Jersey Municipal Income Trust"",""12.04"",""56337062.32"",""n/a"",""1999"",""n/a"",""n/a"",""http://www.nasdaq.com/symbol/evj"",";
"ENX,""Eaton Vance New York Municipal Bond Fund"",""11.69"",""185831078.65"",""n/a"",""2002"",""n/a"",""n/a"",""http://www.nasdaq.com/symbol/enx"",";
"NYH,""Eaton Vance New York Municipal Bond Fund II"",""11.63"",""29853523.83"",""n/a"",""2002"",""n/a"",""n/a"",""http://www.nasdaq.com/symbol/nyh"",";
"EVY,""Eaton Vance New York Municipal Income Trust"",""12.96"",""70951282.56"",""n/a"",""1999"",""n/a"",""n/a"",""http://www.nasdaq.com/symbol/evy"",";
"EIO,""Eaton Vance Ohio Municipal Bond Fund"",""11.49"",""29150118.51"",""n/a"",""2002"",""n/a"",""n/a"",""http://www.nasdaq.com/symbol/eio"",";
"EVO,""Eaton Vance Ohio Municipal Income Trust"",""12.54"",""35828748.78"",""n/a"",""1999"",""n/a"",""n/a"",""http://www.nasdaq.com/symbol/evo"",";
"EIP,""Eaton Vance Pennsylvania Municipal Bond Fund"",""12.16"",""35990669.44"",""n/a"",""2002"",""n/a"",""n/a"",""http://www.nasdaq.com/symbol/eip"",";
"EVP,""Eaton Vance Pennsylvania Municipal Income Trust"",""11.43"",""31094332.02"",""n/a"",""1999"",""n/a"",""n/a"",""http://www.nasdaq.com/symbol/evp"",";
"ELMD,""Electromed, Inc."",""1.93"",""15660506.36"",""n/a"",""2011"",""Health Care"",""Biotechnology: Electromedical & Electrotherapeutic Apparatus"",""http://www.nasdaq.com/symbol/elmd"",";
"ETAK,""Elephant Talk Communications Corp."",""1.51"",""211432348.73"",""n/a"",""n/a"",""Public Utilities"",""Telecommunications Equipment"",""http://www.nasdaq.com/symbol/etak"",";
"ELLO,""Ellomay Capital Ltd."",""10.08"",""107779099.68"",""n/a"",""n/a"",""Public Utilities"",""Electric Utilities: Central"",""http://www.nasdaq.com/symbol/ello"",";
"ECF,""Ellsworth Convertible Growth and Income Fund, Inc."",""8.27"",""110958573.46"",""n/a"",""1986"",""n/a"",""n/a"",""http://www.nasdaq.com/symbol/ecf"",";
"EMAN,""eMagin Corporation"",""3.06"",""73067598"",""n/a"",""n/a"",""Technology"",""Semiconductors"",""http://www.nasdaq.com/symbol/eman"",";
"EOX,""Emerald Oil, Inc."",""7.36"",""481250896"",""n/a"",""n/a"",""Energy"",""Oil & Gas Production"",""http://www.nasdaq.com/symbol/eox"",";
"MSN,""Emerson Radio Corporation"",""2.3"",""62398613.6"",""n/a"",""n/a"",""Consumer Non-Durables"",""Consumer Electronics/Appliances"",""http://www.nasdaq.com/symbol/msn"",";
"UUUU,""Energy Fuels Inc"",""6.77"",""132842348.16"",""n/a"",""n/a"",""Basic Industries"",""Mining & Quarrying of Nonmetallic Minerals (No Fuels)"",""http://www.nasdaq.com/symbol/uuuu"",";
"EGI,""Entree Gold Inc"",""0.353"",""51797237.905"",""n/a"",""n/a"",""Basic Industries"",""Precious Metals"",""http://www.nasdaq.com/symbol/egi"",";
"EVI,""EnviroStarm, Inc."",""3.09"",""21734231.88"",""n/a"",""n/a"",""Consumer Services"",""Other Consumer Services"",""http://www.nasdaq.com/symbol/evi"",";
"ERB,""ERBA Diagnostics, Inc."",""3.15"",""137523396.15"",""n/a"",""n/a"",""Health Care"",""Major Pharmaceuticals"",""http://www.nasdaq.com/symbol/erb"",";
"ESP,""Espey Mfg. & Electronics Corp."",""31.58"",""74333319.8"",""n/a"",""n/a"",""Capital Goods"",""Industrial Machinery/Components"",""http://www.nasdaq.com/symbol/esp"",";
"ETUA,""eUnits 2 Year U.S. Market Participation Trust"",""11.74"",""30857286.86"",""n/a"",""2012"",""n/a"",""n/a"",""http://www.nasdaq.com/symbol/etua"",";
"ETUB,""eUnits 2 Year U.S. Market Participation Trust"",""11.731"",""0"",""n/a"",""n/a"",""n/a"",""n/a"",""http://www.nasdaq.com/symbol/etub"",";
"EMXX,""Eurasian Minerals Inc."",""1.02"",""74439813.18"",""n/a"",""n/a"",""Basic Industries"",""Precious Metals"",""http://www.nasdaq.com/symbol/emxx"",";
"EVBN,""Evans Bancorp, Inc."",""23.05"",""96713213.05"",""n/a"",""n/a"",""Finance"",""Major Banks"",""http://www.nasdaq.com/symbol/evbn"",";
"EVK,""Ever-Glory International Group, Inc."",""5.27"",""77897140.07"",""n/a"",""n/a"",""Consumer Non-Durables"",""Apparel"",""http://www.nasdaq.com/symbol/evk"",";
"EPM,""Evolution Petroleum Corporation, Inc."",""12.76"",""364931776.44"",""n/a"",""n/a"",""Energy"",""Oil & Gas Production"",""http://www.nasdaq.com/symbol/epm"",";
"EPM^A,""Evolution Petroleum Corporation, Inc."",""26"",""0"",""n/a"",""n/a"",""n/a"",""n/a"",""http://www.nasdaq.com/symbol/epm^a"",";
"XRA,""Exeter Resource Corporation"",""0.636"",""56227330.908"",""n/a"",""n/a"",""Basic Industries"",""Mining & Quarrying of Nonmetallic Minerals (No Fuels)"",""http://www.nasdaq.com/symbol/xra"",";
"FU,""FAB Universal Corp."",""3.07"",""63873990.2"",""n/a"",""n/a"",""Technology"",""Computer Software: Prepackaged Software"",""http://www.nasdaq.com/symbol/fu"",";
"FCSC,""Fibrocell Science Inc"",""4.95"",""197169513.75"",""n/a"",""n/a"",""Health Care"",""Major Pharmaceuticals"",""http://www.nasdaq.com/symbol/fcsc"",";
"FPP,""FieldPoint Petroleum Corporation"",""4.21"",""33959274.56"",""n/a"",""n/a"",""Energy"",""Oil & Gas Production"",""http://www.nasdaq.com/symbol/fpp"",";
"FPP/WS,""FieldPoint Petroleum Corporation"",""0.6105"",""0"",""n/a"",""n/a"",""n/a"",""n/a"",""http://www.nasdaq.com/symbol/fpp/ws"",";
"MXN,""First American Minnesota Municipal Income Fund II, Inc."",""13.17"",""19392904.02"",""n/a"",""2002"",""n/a"",""n/a"",""http://www.nasdaq.com/symbol/mxn"",";
"FEN,""First Trust Energy Income and Growth Fund"",""32"",""618998208"",""n/a"",""2004"",""n/a"",""n/a"",""http://www.nasdaq.com/symbol/fen"",";
"FWV,""First West Virginia Bancorp, Inc."",""16.81"",""29059951.3"",""n/a"",""n/a"",""Finance"",""Major Banks"",""http://www.nasdaq.com/symbol/fwv"",";
"BDL,""Flanigan&#39";"s Enterprises, Inc."",""14.68"",""27284937.96"",""n/a"",""n/a"",""Consumer Services"",""Restaurants"",""http://www.nasdaq.com/symbol/bdl"","
"FSI,""Flexible Solutions International Inc."",""0.839"",""11049622.449"",""n/a"",""n/a"",""Basic Industries"",""Major Chemicals"",""http://www.nasdaq.com/symbol/fsi"",";
"FSP,""Franklin Street Properties Corp."",""12.12"",""1214271348.6"",""n/a"",""n/a"",""Consumer Services"",""Real Estate Investment Trusts"",""http://www.nasdaq.com/symbol/fsp"",";
"FTF,""Franklin Templeton Limited Duration Income Trust"",""13.09"",""351278658.5"",""n/a"",""2003"",""n/a"",""n/a"",""http://www.nasdaq.com/symbol/ftf"",";
"FRD,""Friedman Industries Inc."",""8.62"",""58611207.28"",""n/a"",""n/a"",""Capital Goods"",""Steel/Iron Ore"",""http://www.nasdaq.com/symbol/frd"",";
"FRS,""Frisch&#39";"s Restaurants, Inc."",""26.63"",""135609147.35"",""n/a"",""n/a"",""Consumer Services"",""Restaurants"",""http://www.nasdaq.com/symbol/frs"","
"GGN,""GAMCO Global Gold, Natural Reources & Income Trust by Gabelli"",""9.33"",""944337312.18"",""n/a"",""2005"",""n/a"",""n/a"",""http://www.nasdaq.com/symbol/ggn"",";
"GGN^B,""GAMCO Global Gold, Natural Reources & Income Trust by Gabelli"",""20"",""0"",""n/a"",""n/a"",""n/a"",""n/a"",""http://www.nasdaq.com/symbol/ggn^b"",";
"EGAS,""Gas Natural Inc."",""9.4"",""98245773.2"",""n/a"",""n/a"",""Public Utilities"",""Oil/Gas Transmission"",""http://www.nasdaq.com/symbol/egas"",";
"GST,""Gastar Exploration Inc."",""6.47"",""395543126.5"",""n/a"",""n/a"",""Energy"",""Oil & Gas Production"",""http://www.nasdaq.com/symbol/gst"",";
"GST^A,""Gastar Exploration Inc."",""24.05"",""0"",""n/a"",""n/a"",""n/a"",""n/a"",""http://www.nasdaq.com/symbol/gst^a"",";
"GST^B,""Gastar Exploration Inc."",""25.8825"",""0"",""n/a"",""n/a"",""n/a"",""n/a"",""http://www.nasdaq.com/symbol/gst^b"",";
"JOB,""General Employment Enterprises, Inc."",""0.185"",""4217939.875"",""n/a"",""n/a"",""Technology"",""Diversified Commercial Services"",""http://www.nasdaq.com/symbol/job"",";
"GMO,""General Moly, Inc"",""1.28"",""116407357.44"",""n/a"",""n/a"",""Basic Industries"",""Precious Metals"",""http://www.nasdaq.com/symbol/gmo"",";
"GIG,""GigOptix, Inc."",""1.63"",""52092288.17"",""n/a"",""n/a"",""Technology"",""Semiconductors"",""http://www.nasdaq.com/symbol/gig"",";
"GSB,""GlobalSCAPE, Inc."",""2.55"",""47890570.8"",""n/a"",""n/a"",""Technology"",""Computer Software: Prepackaged Software"",""http://www.nasdaq.com/symbol/gsb"",";
"GLOW,""Glowpoint, Inc."",""1.47"",""51376082.52"",""n/a"",""n/a"",""Public Utilities"",""Telecommunications Equipment"",""http://www.nasdaq.com/symbol/glow"",";
"GORO,""Gold Resource Corporation"",""4.95"",""266207876.55"",""n/a"",""n/a"",""Basic Industries"",""Precious Metals"",""http://www.nasdaq.com/symbol/goro"",";
"GSV,""Gold Standard Ventures Corporation"",""0.6452"",""59201369.9336"",""n/a"",""n/a"",""Basic Industries"",""Mining & Quarrying of Nonmetallic Minerals (No Fuels)"",""http://www.nasdaq.com/symbol/gsv"",";
"AUMN,""Golden Minerals Company"",""0.775"",""37872912.35"",""n/a"",""n/a"",""Basic Industries"",""Precious Metals"",""http://www.nasdaq.com/symbol/aumn"",";
"GSS,""Golden Star Resources, Ltd"",""0.5317"",""137766644.249"",""n/a"",""n/a"",""Basic Industries"",""Precious Metals"",""http://www.nasdaq.com/symbol/gss"",";
"GV,""Goldfield Corporation (The)"",""2.2"",""55992978.8"",""n/a"",""n/a"",""Basic Industries"",""Water Supply"",""http://www.nasdaq.com/symbol/gv"",";
"GRC,""Gorman-Rupp Company (The)"",""34.82"",""914150909.12"",""n/a"",""n/a"",""Capital Goods"",""Fluid Controls"",""http://www.nasdaq.com/symbol/grc"",";
"GHM,""Graham Corporation"",""35.75"",""359593806"",""n/a"",""n/a"",""Technology"",""Industrial Machinery/Components"",""http://www.nasdaq.com/symbol/ghm"",";
"GTE,""Gran Tierra Energy Inc."",""7.05"",""1919310971.55"",""n/a"",""n/a"",""Energy"",""Oil & Gas Production"",""http://www.nasdaq.com/symbol/gte"",";
"GPL,""Great Panther Silver Limited"",""0.8601"",""119054796.8715"",""n/a"",""n/a"",""Basic Industries"",""Precious Metals"",""http://www.nasdaq.com/symbol/gpl"",";
"GRH,""GreenHunter Resources, Inc."",""1.17"",""39537349.02"",""n/a"",""n/a"",""Basic Industries"",""Major Chemicals"",""http://www.nasdaq.com/symbol/grh"",";
"GRH^C,""GreenHunter Resources, Inc."",""18.942"",""0"",""n/a"",""n/a"",""n/a"",""n/a"",""http://www.nasdaq.com/symbol/grh^c"",";
"SIM,""Grupo Simec, S.A. de C.V."",""11.95"",""1982541698.45"",""n/a"",""1993"",""Basic Industries"",""Steel/Iron Ore"",""http://www.nasdaq.com/symbol/sim"",";
"GVP,""GSE Systems, Inc."",""1.7"",""30409360.3"",""n/a"",""n/a"",""Technology"",""Computer Software: Prepackaged Software"",""http://www.nasdaq.com/symbol/gvp"",";
"GTT,""GTT Communications, Inc."",""8.86"",""206344553.58"",""n/a"",""n/a"",""Public Utilities"",""Telecommunications Equipment"",""http://www.nasdaq.com/symbol/gtt"",";
"HWG,""Hallwood Group Incorporated"",""9.6"",""14641593.6"",""n/a"",""n/a"",""Basic Industries"",""Textiles"",""http://www.nasdaq.com/symbol/hwg"",";
"HEB,""Hemispherx BioPharma, Inc."",""0.4125"",""69572402.625"",""n/a"",""n/a"",""Health Care"",""Biotechnology: Biological Products (No Diagnostic Substances)"",""http://www.nasdaq.com/symbol/heb"",";
"HLM^,""Hillman Group Capital Trust"",""30.699"",""0"",""n/a"",""n/a"",""n/a"",""n/a"",""http://www.nasdaq.com/symbol/hlm^"",";
"HMG,""HMG/Courtland Properties, Inc."",""18.4702"",""19226111.4052"",""n/a"",""n/a"",""Consumer Services"",""Real Estate Investment Trusts"",""http://www.nasdaq.com/symbol/hmg"",";
"HH,""Hooper Holmes, Inc."",""0.56"",""39246332.72"",""n/a"",""n/a"",""Health Care"",""Hospital/Nursing Management"",""http://www.nasdaq.com/symbol/hh"",";
"HUSA,""Houston American Energy Corporation"",""0.297"",""15494473.665"",""n/a"",""n/a"",""Energy"",""Oil & Gas Production"",""http://www.nasdaq.com/symbol/husa"",";
"IBIO,""iBio, Inc."",""0.5"",""32821047.5"",""n/a"",""n/a"",""Health Care"",""Major Pharmaceuticals"",""http://www.nasdaq.com/symbol/ibio"",";
"IBO,""IBO (Listing Market - NYSE Amex Network B F)"",""1"",""0"",""n/a"",""n/a"",""n/a"",""n/a"",""http://www.nasdaq.com/symbol/ibo"",";
"IEC,""IEC Electronics Corp."",""4.02"",""40163719.5"",""n/a"",""n/a"",""Technology"",""Electrical Products"",""http://www.nasdaq.com/symbol/iec"",";
"IG,""IGI Laboratories, Inc."",""3.84"",""168032313.6"",""n/a"",""n/a"",""Health Care"",""Biotechnology: Biological Products (No Diagnostic Substances)"",""http://www.nasdaq.com/symbol/ig"",";
"IMUC,""ImmunoCellular Therapeutics, Ltd."",""1.16"",""66231114.08"",""n/a"",""n/a"",""Health Care"",""Major Pharmaceuticals"",""http://www.nasdaq.com/symbol/imuc"",";
"IMH,""Impac Mortgage Holdings, Inc."",""6.075"",""53964911.475"",""n/a"",""1997"",""Consumer Services"",""Real Estate Investment Trusts"",""http://www.nasdaq.com/symbol/imh"",";
"IMO,""Imperial Oil Limited"",""41.87"",""35488970590.57"",""n/a"",""n/a"",""Energy"",""Integrated oil Companies"",""http://www.nasdaq.com/symbol/imo"",";
"IOT,""Income Opportunity Realty Investors, Inc."",""5.56"",""23175269.84"",""n/a"",""n/a"",""Consumer Services"",""Real Estate Investment Trusts"",""http://www.nasdaq.com/symbol/iot"",";
"IRT,""Independence Realty Trust, Inc."",""8.8382"",""85311079.028"",""n/a"",""2013"",""Consumer Services"",""Real Estate Investment Trusts"",""http://www.nasdaq.com/symbol/irt"",";
"IGC,""India Globalization Capital Inc."",""0.94"",""7032540.44"",""n/a"",""n/a"",""Basic Industries"",""Precious Metals"",""http://www.nasdaq.com/symbol/igc"",";
"IGC/WS,""India Globalization Capital Inc."",""0.0161"",""0"",""n/a"",""n/a"",""n/a"",""n/a"",""http://www.nasdaq.com/symbol/igc/ws"",";
"INFU,""InfuSystems Holdings, Inc."",""2.35"",""51899822.85"",""n/a"",""n/a"",""Health Care"",""Medical/Dental Instruments"",""http://www.nasdaq.com/symbol/infu"",";
"IHT,""InnSuites Hospitality Trust"",""1.599"",""14714448.918"",""n/a"",""n/a"",""Consumer Services"",""Real Estate Investment Trusts"",""http://www.nasdaq.com/symbol/iht"",";
"INO,""Inovio Pharmaceuticals, Inc."",""2.56"",""533443760.64"",""n/a"",""n/a"",""Health Care"",""Medical/Dental Instruments"",""http://www.nasdaq.com/symbol/ino"",";
"NSPR,""InspireMD, Inc."",""2.98"",""102847452.64"",""n/a"",""n/a"",""Health Care"",""Medical/Dental Instruments"",""http://www.nasdaq.com/symbol/nspr"",";
"IFMI,""Institutional Financial Markets, Inc."",""2.43"",""36352335.87"",""n/a"",""n/a"",""Finance"",""Investment Bankers/Brokers/Service"",""http://www.nasdaq.com/symbol/ifmi"",";
"IDN,""Intellicheck Mobilisa, Inc."",""0.5125"",""14297451.8375"",""n/a"",""1999"",""Technology"",""Computer Software: Prepackaged Software"",""http://www.nasdaq.com/symbol/idn"",";
"INS,""Intelligent Systems Corporation"",""2.1395"",""19165700.906"",""n/a"",""1992"",""Capital Goods"",""Metal Fabrications"",""http://www.nasdaq.com/symbol/ins"",";
"THM,""International Tower Hill Mines Ltd"",""0.625"",""61292898.75"",""n/a"",""n/a"",""Basic Industries"",""Precious Metals"",""http://www.nasdaq.com/symbol/thm"",";
"INTT,""inTest Corporation"",""3.89"",""41069367.42"",""n/a"",""1997"",""Capital Goods"",""Electrical Products"",""http://www.nasdaq.com/symbol/intt"",";
"INUV,""Inuvo, Inc"",""1.38"",""32142225.84"",""n/a"",""n/a"",""Consumer Services"",""Advertising"",""http://www.nasdaq.com/symbol/inuv"",";
"VKI,""Invesco Advantage Municipal Income Trust II"",""10.84"",""481089508.84"",""n/a"",""n/a"",""n/a"",""n/a"",""http://www.nasdaq.com/symbol/vki"",";
"ICH,""Investors Capital Holdings, Ltd."",""7.2"",""51096405.6"",""n/a"",""2001"",""Finance"",""Finance/Investors Services"",""http://www.nasdaq.com/symbol/ich"",";
"ISR,""IsoRay, Inc."",""0.865"",""33232869.23"",""n/a"",""n/a"",""Health Care"",""Medical/Dental Instruments"",""http://www.nasdaq.com/symbol/isr"",";
"ITI,""Iteris, Inc."",""2.25"",""73650975.75"",""n/a"",""n/a"",""Consumer Durables"",""Telecommunications Equipment"",""http://www.nasdaq.com/symbol/iti"",";
"LTS,""Ladenburg Thalmann Financial Services Inc"",""2.92"",""526953215.6"",""n/a"",""n/a"",""Finance"",""Investment Bankers/Brokers/Service"",""http://www.nasdaq.com/symbol/lts"",";
"LTS^A,""Ladenburg Thalmann Financial Services Inc"",""23.32"",""0"",""n/a"",""n/a"",""n/a"",""n/a"",""http://www.nasdaq.com/symbol/lts^a"",";
"LSG,""Lake Shore Gold Corp"",""0.645"",""268720044.48"",""n/a"",""n/a"",""Basic Industries"",""Precious Metals"",""http://www.nasdaq.com/symbol/lsg"",";
"LAQ,""Latin America Equity Fund, Inc. (The)"",""26.5776"",""197963705.4192"",""n/a"",""1991"",""n/a"",""n/a"",""http://www.nasdaq.com/symbol/laq"",";
"LGL,""LGL Group, Inc. (The)"",""5.44"",""14019690.56"",""n/a"",""n/a"",""Capital Goods"",""Industrial Machinery/Components"",""http://www.nasdaq.com/symbol/lgl"",";
"LGL/WS,""LGL Group, Inc. (The)"",""0.09"",""0"",""n/a"",""n/a"",""n/a"",""n/a"",""http://www.nasdaq.com/symbol/lgl/ws"",";
"LBY,""Libbey, Inc."",""20.64"",""439596664.32"",""n/a"",""1993"",""Capital Goods"",""Industrial Machinery/Components"",""http://www.nasdaq.com/symbol/lby"",";
"LBMH,""Liberator Medical Holdings, Inc."",""5.94"",""311276694.96"",""n/a"",""n/a"",""Health Care"",""Medical/Nursing Services"",""http://www.nasdaq.com/symbol/lbmh"",";
"LIQT,""LiqTech International, Inc."",""1.815"",""49390687.5"",""n/a"",""n/a"",""Technology"",""Industrial Machinery/Components"",""http://www.nasdaq.com/symbol/liqt"",";
"LON,""Loncor Resources Inc."",""0.1111"",""8159154.2252"",""n/a"",""n/a"",""Basic Industries"",""Precious Metals"",""http://www.nasdaq.com/symbol/lon"",";
"LEI,""Lucas Energy, Inc."",""1.21"",""36258828.54"",""n/a"",""n/a"",""Energy"",""Oil & Gas Production"",""http://www.nasdaq.com/symbol/lei"",";
"MCZ,""Mad Catz Interactive Inc"",""0.498"",""31837889.988"",""n/a"",""n/a"",""Consumer Non-Durables"",""Recreational Products/Toys"",""http://www.nasdaq.com/symbol/mcz"",";
"MVG,""Mag Silver Corporation"",""6.58"",""395732504.44"",""n/a"",""n/a"",""Basic Industries"",""Precious Metals"",""http://www.nasdaq.com/symbol/mvg"",";
"MHR^C,""Magnum Hunter Resources Corporation"",""25.29"",""0"",""n/a"",""n/a"",""n/a"",""n/a"",""http://www.nasdaq.com/symbol/mhr^c"",";
"MHR^D,""Magnum Hunter Resources Corporation"",""47.2"",""0"",""n/a"",""n/a"",""n/a"",""n/a"",""http://www.nasdaq.com/symbol/mhr^d"",";
"MHR^E,""Magnum Hunter Resources Corporation"",""27.8"",""0"",""n/a"",""n/a"",""n/a"",""n/a"",""http://www.nasdaq.com/symbol/mhr^e"",";
"MSTX,""Mast Therapeutics, Inc."",""0.85"",""87303743.1"",""n/a"",""n/a"",""Health Care"",""Major Pharmaceuticals"",""http://www.nasdaq.com/symbol/mstx"",";
"MHH,""Mastech Holdings, Inc"",""13.79"",""57910167.28"",""n/a"",""n/a"",""Consumer Services"",""Professional Services"",""http://www.nasdaq.com/symbol/mhh"",";
"MDGN,""Medgenics, Inc."",""6.81"",""125901972.48"",""n/a"",""2011"",""Health Care"",""Biotechnology: Biological Products (No Diagnostic Substances)"",""http://www.nasdaq.com/symbol/mdgn"",";
"MDGN/WS,""Medgenics, Inc."",""3.25"",""0"",""n/a"",""n/a"",""n/a"",""n/a"",""http://www.nasdaq.com/symbol/mdgn/ws"",";
"MEET,""MeetMe, Inc."",""2.26"",""86958831.34"",""n/a"",""n/a"",""Consumer Services"",""Advertising"",""http://www.nasdaq.com/symbol/meet"",";
"IPB,""Merrill Lynch & Co., Inc."",""26"",""0"",""n/a"",""n/a"",""Finance"",""Finance: Consumer Services"",""http://www.nasdaq.com/symbol/ipb"",";
"MEA,""Metalico Inc"",""2.37"",""113865969.81"",""n/a"",""n/a"",""Basic Industries"",""Metal Fabrications"",""http://www.nasdaq.com/symbol/mea"",";
"MXC,""Mexco Energy Corporation"",""7.05"",""14359905.3"",""n/a"",""n/a"",""Energy"",""Oil & Gas Production"",""http://www.nasdaq.com/symbol/mxc"",";
"CCA,""MFS California Insured Municipal Trust"",""10.3496"",""28836448.8048"",""n/a"",""1999"",""n/a"",""n/a"",""http://www.nasdaq.com/symbol/cca"",";
"MGT,""MGT Capital Investments Inc"",""2.66"",""23466868.46"",""n/a"",""n/a"",""Miscellaneous"",""Multi-Sector Companies"",""http://www.nasdaq.com/symbol/mgt"",";
"MDW,""Midway Gold Corporation"",""1.03"",""136373648"",""n/a"",""n/a"",""Basic Industries"",""Precious Metals"",""http://www.nasdaq.com/symbol/mdw"",";
"MGH,""Minco Gold Corporation"",""0.237"",""11939992.455"",""n/a"",""n/a"",""Basic Industries"",""Precious Metals"",""http://www.nasdaq.com/symbol/mgh"",";
"MGN,""Mines Management, Inc."",""0.6099"",""17686948.7448"",""n/a"",""n/a"",""Basic Industries"",""Precious Metals"",""http://www.nasdaq.com/symbol/mgn"",";
"MXA,""Minnesota Municipal Income Portfolio Inc."",""15.39"",""63818374.77"",""n/a"",""1993"",""n/a"",""n/a"",""http://www.nasdaq.com/symbol/mxa"",";
"MDM,""Mountain Province Diamonds Inc."",""4.73"",""473271270.23"",""n/a"",""n/a"",""Basic Industries"",""Precious Metals"",""http://www.nasdaq.com/symbol/mdm"",";
"MVF,""MuniVest Fund, Inc."",""9.42"",""602712681.96"",""n/a"",""n/a"",""n/a"",""n/a"",""http://www.nasdaq.com/symbol/mvf"",";
"MZA,""MuniYield Arizona Fund, Inc."",""13.4999"",""61839734.4245"",""n/a"",""1993"",""n/a"",""n/a"",""http://www.nasdaq.com/symbol/mza"",";
"NNVC,""NanoViricides, Inc."",""6.05"",""302673641.05"",""n/a"",""n/a"",""Health Care"",""Biotechnology: Commercial Physical & Biological Resarch"",""http://www.nasdaq.com/symbol/nnvc"",";
"NHC,""National HealthCare Corporation"",""52.71"",""741290036.76"",""n/a"",""n/a"",""Health Care"",""Hospital/Nursing Management"",""http://www.nasdaq.com/symbol/nhc"",";
"NHC^A,""National HealthCare Corporation"",""14.52"",""0"",""n/a"",""n/a"",""n/a"",""n/a"",""http://www.nasdaq.com/symbol/nhc^a"",";
"NAVB,""Navidea Biopharmaceuticals, Inc."",""1.95"",""264951965.85"",""n/a"",""n/a"",""Health Care"",""Biotechnology: In Vitro & In Vivo Diagnostic Substances"",""http://www.nasdaq.com/symbol/navb"",";
"NBW,""Neuberger Berman California Intermediate Municipal Fund Inc."",""14.42"",""79785860"",""n/a"",""2002"",""n/a"",""n/a"",""http://www.nasdaq.com/symbol/nbw"",";
"NHS,""Neuberger Berman High Yield Strategies Fund"",""13.5899"",""265554582.5016"",""n/a"",""n/a"",""n/a"",""n/a"",""http://www.nasdaq.com/symbol/nhs"",";
"NBH,""Neuberger Berman Intermediate Municipal Fund Inc."",""14.33"",""268873790"",""n/a"",""2002"",""n/a"",""n/a"",""http://www.nasdaq.com/symbol/nbh"",";
"NML,""Neuberger Berman MLP Income Fund Inc."",""18.8662"",""1066111303.2368"",""n/a"",""2013"",""n/a"",""n/a"",""http://www.nasdaq.com/symbol/nml"",";
"NBO,""Neuberger Berman New York Intermediate Municipal Fund Inc."",""13.76"",""69832000"",""n/a"",""2002"",""n/a"",""n/a"",""http://www.nasdaq.com/symbol/nbo"",";
"NRO,""Neuberger Berman Real Estate Securities Income Fund, Inc."",""4.43"",""247140157.78"",""n/a"",""2003"",""n/a"",""n/a"",""http://www.nasdaq.com/symbol/nro"",";
"CUR,""Neuralstem, Inc."",""3.48"",""271369164.6"",""n/a"",""n/a"",""Health Care"",""Biotechnology: Biological Products (No Diagnostic Substances)"",""http://www.nasdaq.com/symbol/cur"",";
"UWN,""Nevada Gold & Casinos, Inc."",""1.39"",""22426412.9"",""n/a"",""n/a"",""Consumer Services"",""Services-Misc. Amusement & Recreation"",""http://www.nasdaq.com/symbol/uwn"",";
"NSU,""Nevsun Resources Ltd"",""3.73"",""743418101.46"",""n/a"",""n/a"",""Basic Industries"",""Precious Metals"",""http://www.nasdaq.com/symbol/nsu"",";
"GBR,""New Concept Energy, Inc"",""1.87"",""3640768.45"",""n/a"",""n/a"",""Energy"",""Oil & Gas Production"",""http://www.nasdaq.com/symbol/gbr"",";
"NEN,""New England Realty Associates Limited Partnership"",""45.97"",""178644982.37"",""n/a"",""n/a"",""Consumer Services"",""Building operators"",""http://www.nasdaq.com/symbol/nen"",";
"NGD,""NEW GOLD INC."",""5.81"",""2925029899.47"",""n/a"",""n/a"",""Basic Industries"",""Precious Metals"",""http://www.nasdaq.com/symbol/ngd"",";
"PAL,""North American Palladium, Ltd."",""0.5572"",""109829650.21"",""n/a"",""2000"",""Basic Industries"",""Precious Metals"",""http://www.nasdaq.com/symbol/pal"",";
"NAK,""Northern Dynasty Minerals, Ltd."",""1.39"",""132063710.96"",""n/a"",""n/a"",""Basic Industries"",""Precious Metals"",""http://www.nasdaq.com/symbol/nak"",";
"NOG,""Northern Oil and Gas, Inc."",""14.1"",""871445790.6"",""n/a"",""n/a"",""Energy"",""Oil & Gas Production"",""http://www.nasdaq.com/symbol/nog"",";
"NBY,""NovaBay Pharmaceuticals, Inc."",""1.32"",""52005008.88"",""n/a"",""2007"",""Health Care"",""Major Pharmaceuticals"",""http://www.nasdaq.com/symbol/nby"",";
"NCQ,""NovaCopper Inc."",""1.51"",""80827071.62"",""n/a"",""n/a"",""Basic Industries"",""Precious Metals"",""http://www.nasdaq.com/symbol/ncq"",";
"NG,""Novagold Resources Inc."",""3"",""949985076"",""n/a"",""n/a"",""Basic Industries"",""Precious Metals"",""http://www.nasdaq.com/symbol/ng"",";
"NTN,""NTN Buzztime, Inc."",""0.6699"",""52686957.0612"",""n/a"",""n/a"",""Consumer Services"",""Broadcasting"",""http://www.nasdaq.com/symbol/ntn"",";
"NLP,""NTS Realty Holdings Limited Partnership"",""7.85"",""87097900.9"",""n/a"",""n/a"",""Consumer Services"",""Real Estate Investment Trusts"",""http://www.nasdaq.com/symbol/nlp"",";
"NTS,""NTS, Inc."",""1.94"",""81612026.7"",""n/a"",""n/a"",""Consumer Services"",""Telecommunications Equipment"",""http://www.nasdaq.com/symbol/nts"",";
"NEA,""Nuveen AMT-Free Municipal Income Fund"",""12.71"",""1002603908.67"",""n/a"",""2002"",""n/a"",""n/a"",""http://www.nasdaq.com/symbol/nea"",";
"NKX,""Nuveen California AMT-Free Municipal Income Fund"",""12.59"",""526812950.99"",""n/a"",""2002"",""n/a"",""n/a"",""http://www.nasdaq.com/symbol/nkx"",";
"NVX,""Nuveen California Dividend Advantage Municipal Fund 2"",""12.98"",""191495757.2"",""n/a"",""2001"",""n/a"",""n/a"",""http://www.nasdaq.com/symbol/nvx"",";
"NZH,""Nuveen California Dividend Advantage Municipal Fund 3"",""11.77"",""284267674.68"",""n/a"",""n/a"",""n/a"",""n/a"",""http://www.nasdaq.com/symbol/nzh"",";
"NCB,""Nuveen California Municipal Value Fund 2"",""15"",""49318500"",""n/a"",""n/a"",""n/a"",""n/a"",""http://www.nasdaq.com/symbol/ncb"",";
"NCU,""Nuveen California Premium Income Municipal Fund"",""13.26"",""76017524.7"",""n/a"",""n/a"",""n/a"",""n/a"",""http://www.nasdaq.com/symbol/ncu"",";
"CFD,""Nuveen Diversified Commodity Fund"",""15.5"",""142898220"",""n/a"",""2010"",""Finance"",""Investment Bankers/Brokers/Service"",""http://www.nasdaq.com/symbol/cfd"",";
"NXZ,""Nuveen Dividend Advantage Municipal Fund 2"",""13.35"",""393536800.2"",""n/a"",""2001"",""n/a"",""n/a"",""http://www.nasdaq.com/symbol/nxz"",";
"NZF,""Nuveen Dividend Advantage Municipal Fund 3"",""12.79"",""516716358.12"",""n/a"",""2007"",""n/a"",""n/a"",""http://www.nasdaq.com/symbol/nzf"",";
"NVG,""Nuveen Dividend Advantage Municipal Income Fund"",""12.88"",""383025980.96"",""n/a"",""2002"",""n/a"",""n/a"",""http://www.nasdaq.com/symbol/nvg"",";
"NKG,""Nuveen Georgia Dividend Advantage Municipal Fund 2"",""12.176"",""128435443.296"",""n/a"",""2002"",""n/a"",""n/a"",""http://www.nasdaq.com/symbol/nkg"",";
"NKG^E,""Nuveen Georgia Dividend Advantage Municipal Fund 2"",""10.01"",""0"",""n/a"",""n/a"",""n/a"",""n/a"",""http://www.nasdaq.com/symbol/nkg^e"",";
"CTF,""Nuveen Long/Short Commodity Total Return Fund"",""17.2914"",""316447144.776"",""n/a"",""n/a"",""Finance"",""Investment Bankers/Brokers/Service"",""http://www.nasdaq.com/symbol/ctf"",";
"NGX,""Nuveen Massachusetts AMT-Free Municipal Income Fund"",""12.05"",""32864169.85"",""n/a"",""2002"",""n/a"",""n/a"",""http://www.nasdaq.com/symbol/ngx"",";
"NMB,""Nuveen Massachusetts Dividend Advantage Municipal Fund"",""12.43"",""24435590.08"",""n/a"",""2001"",""n/a"",""n/a"",""http://www.nasdaq.com/symbol/nmb"",";
"NMB^C,""Nuveen Massachusetts Dividend Advantage Municipal Fund"",""10.02"",""0"",""n/a"",""n/a"",""n/a"",""n/a"",""http://www.nasdaq.com/symbol/nmb^c"",";
"NOM,""Nuveen Missouri Premium Income Municipal Fund"",""13.05"",""30344473.35"",""n/a"",""1993"",""n/a"",""n/a"",""http://www.nasdaq.com/symbol/nom"",";
"NMZ,""Nuveen Municipal High Income Opportunity Fund"",""12.39"",""619954205.01"",""n/a"",""2003"",""n/a"",""n/a"",""http://www.nasdaq.com/symbol/nmz"",";
"NXJ,""Nuveen New Jersey Dividend Advantage Municipal Fund"",""12.82"",""84204170.16"",""n/a"",""2001"",""n/a"",""n/a"",""http://www.nasdaq.com/symbol/nxj"",";
"NUJ,""Nuveen New Jersey Dividend Advantage Municipal Fund 2"",""12.52"",""56663191.28"",""n/a"",""2002"",""n/a"",""n/a"",""http://www.nasdaq.com/symbol/nuj"",";
"NJV,""Nuveen New Jersey Municipal Value Fund"",""13.8"",""21597496.8"",""n/a"",""n/a"",""n/a"",""n/a"",""http://www.nasdaq.com/symbol/njv"",";
"NRK,""Nuveen New York AMT-Free Municipal Income Fund"",""12.65"",""1108374075.6"",""n/a"",""2002"",""n/a"",""n/a"",""http://www.nasdaq.com/symbol/nrk"",";
"NXK,""Nuveen New York Dividend Advantage Municipal Fund 2"",""12.9399"",""83960748.1884"",""n/a"",""2001"",""n/a"",""n/a"",""http://www.nasdaq.com/symbol/nxk"",";
"NYV,""Nuveen New York Municipal Value Fund 2"",""13.93"",""32730095.16"",""n/a"",""2009"",""n/a"",""n/a"",""http://www.nasdaq.com/symbol/nyv"",";
"NXM,""Nuveen Pennsylvania Dividend Advantage Municipal Fund"",""12.544"",""41670967.296"",""n/a"",""2001"",""n/a"",""n/a"",""http://www.nasdaq.com/symbol/nxm"",";
"NVY,""Nuveen Pennsylvania Dividend Advantage Municipal Fund 2"",""12.3499"",""46022668.0438"",""n/a"",""2002"",""n/a"",""n/a"",""http://www.nasdaq.com/symbol/nvy"",";
"NPN,""Nuveen Pennsylvania Municipal Value Fund"",""13.72"",""16729509.44"",""n/a"",""2009"",""n/a"",""n/a"",""http://www.nasdaq.com/symbol/npn"",";
"JRS,""Nuveen Real Estate Fund"",""9.89"",""284493702.66"",""n/a"",""2001"",""n/a"",""n/a"",""http://www.nasdaq.com/symbol/jrs"",";
"OGEN,""Oragenics, Inc."",""3.9882"",""139214841.117"",""n/a"",""n/a"",""Health Care"",""Major Pharmaceuticals"",""http://www.nasdaq.com/symbol/ogen"",";
"ORC,""Orchid Island Capital, Inc."",""12.35"",""41269562.75"",""n/a"",""2013"",""Consumer Services"",""Real Estate Investment Trusts"",""http://www.nasdaq.com/symbol/orc"",";
"TIS,""Orchids Paper Products Company"",""30.85"",""247920132.65"",""n/a"",""2005"",""Basic Industries"",""Paper"",""http://www.nasdaq.com/symbol/tis"",";
"ONVO,""Organovo Holdings, Inc."",""11.15"",""861653078.45"",""n/a"",""n/a"",""Health Care"",""Biotechnology: Biological Products (No Diagnostic Substances)"",""http://www.nasdaq.com/symbol/onvo"",";
"ONP,""Orient Paper, Inc."",""2.879"",""53137415.1"",""n/a"",""n/a"",""Consumer Durables"",""Containers/Packaging"",""http://www.nasdaq.com/symbol/onp"",";
"OESX,""Orion Energy Systems, Inc."",""7.35"",""155533563.15"",""n/a"",""2007"",""Consumer Durables"",""Building Products"",""http://www.nasdaq.com/symbol/oesx"",";
"ORM,""Owens Realty Mortgage, Inc."",""14.19"",""155158625.16"",""n/a"",""2013"",""Consumer Services"",""Real Estate Investment Trusts"",""http://www.nasdaq.com/symbol/orm"",";
"PHF,""Pacholder High Yield Fund, Inc."",""8.14"",""105764175.88"",""n/a"",""n/a"",""n/a"",""n/a"",""http://www.nasdaq.com/symbol/phf"",";
"PBM,""Pacific Booker Minerals Inc"",""6.2114"",""76760723.4446"",""n/a"",""n/a"",""Basic Industries"",""Precious Metals"",""http://www.nasdaq.com/symbol/pbm"",";
"PCG^A,""Pacific Gas & Electric Co."",""28.39"",""0"",""n/a"",""n/a"",""n/a"",""n/a"",""http://www.nasdaq.com/symbol/pcg^a"",";
"PCG^B,""Pacific Gas & Electric Co."",""25.4996"",""0"",""n/a"",""n/a"",""n/a"",""n/a"",""http://www.nasdaq.com/symbol/pcg^b"",";
"PCG^C,""Pacific Gas & Electric Co."",""24.08"",""0"",""n/a"",""n/a"",""n/a"",""n/a"",""http://www.nasdaq.com/symbol/pcg^c"",";
"PCG^D,""Pacific Gas & Electric Co."",""23.8"",""0"",""n/a"",""n/a"",""n/a"",""n/a"",""http://www.nasdaq.com/symbol/pcg^d"",";
"PCG^E,""Pacific Gas & Electric Co."",""23.15"",""0"",""n/a"",""n/a"",""n/a"",""n/a"",""http://www.nasdaq.com/symbol/pcg^e"",";
"PCG^G,""Pacific Gas & Electric Co."",""22.45"",""0"",""n/a"",""n/a"",""n/a"",""n/a"",""http://www.nasdaq.com/symbol/pcg^g"",";
"PCG^H,""Pacific Gas & Electric Co."",""21.016"",""0"",""n/a"",""n/a"",""n/a"",""n/a"",""http://www.nasdaq.com/symbol/pcg^h"",";
"PCG^I,""Pacific Gas & Electric Co."",""21.6"",""0"",""n/a"",""n/a"",""n/a"",""n/a"",""http://www.nasdaq.com/symbol/pcg^i"",";
"PTN,""Palatin Technologies, Inc."",""0.98"",""38407821.9"",""n/a"",""n/a"",""Health Care"",""Major Pharmaceuticals"",""http://www.nasdaq.com/symbol/ptn"",";
"PZG,""Paramount Gold and Silver Corp."",""1.15"",""179090728.2"",""n/a"",""n/a"",""Basic Industries"",""Precious Metals"",""http://www.nasdaq.com/symbol/pzg"",";
"PRK,""Park National Corporation"",""81.57"",""1258014140.7"",""n/a"",""n/a"",""Finance"",""Major Banks"",""http://www.nasdaq.com/symbol/prk"",";
"PED,""Pedevco Corp."",""2.21"",""57678599.94"",""n/a"",""n/a"",""Energy"",""Oil & Gas Production"",""http://www.nasdaq.com/symbol/ped"",";
"PIP,""PharmAthene, Inc"",""1.95"",""102006280.35"",""n/a"",""n/a"",""Health Care"",""Major Pharmaceuticals"",""http://www.nasdaq.com/symbol/pip"",";
"HNW,""Pioneer Diversified High Income Trust"",""20.85"",""173103851.55"",""n/a"",""2007"",""n/a"",""n/a"",""http://www.nasdaq.com/symbol/hnw"",";
"PLG,""Platinum Group Metals Ltd."",""1.2"",""661511450.4"",""n/a"",""n/a"",""Basic Industries"",""Precious Metals"",""http://www.nasdaq.com/symbol/plg"",";
"PCC,""PMC Commercial Trust"",""8.83"",""93564622.6"",""n/a"",""1993"",""Consumer Services"",""Real Estate Investment Trusts"",""http://www.nasdaq.com/symbol/pcc"",";
"PLM,""Polymet Mining Corp."",""0.97"",""266712241.78"",""n/a"",""n/a"",""Basic Industries"",""Precious Metals"",""http://www.nasdaq.com/symbol/plm"",";
"PW,""Power REIT"",""9.24"",""15495064.2"",""n/a"",""n/a"",""Consumer Services"",""Real Estate Investment Trusts"",""http://www.nasdaq.com/symbol/pw"",";
"APTS,""Preferred Apartment Communities, Inc."",""8.04"",""119922091.32"",""n/a"",""2011"",""Consumer Services"",""Real Estate Investment Trusts"",""http://www.nasdaq.com/symbol/apts"",";
"PLX,""Protalix BioTherapeutics, Inc."",""4.71"",""440675913.15"",""n/a"",""n/a"",""Health Care"",""Biotechnology: Biological Products (No Diagnostic Substances)"",""http://www.nasdaq.com/symbol/plx"",";
"PDO,""Pyramid Oil Co"",""5.4805"",""25693049.8425"",""n/a"",""n/a"",""Energy"",""Oil & Gas Production"",""http://www.nasdaq.com/symbol/pdo"",";
"QMM,""Quaterra Resources Inc"",""0.0701"",""13562907.0616"",""n/a"",""n/a"",""Basic Industries"",""Precious Metals"",""http://www.nasdaq.com/symbol/qmm"",";
"QRM,""Quest Rare Minerals Ltd"",""0.4799"",""32267057.4156"",""n/a"",""n/a"",""Basic Industries"",""Precious Metals"",""http://www.nasdaq.com/symbol/qrm"",";
"RLGT,""Radiant Logistics, Inc."",""2.79"",""93814358.22"",""n/a"",""n/a"",""Transportation"",""Oil Refining/Marketing"",""http://www.nasdaq.com/symbol/rlgt"",";
"RLGT^A,""Radiant Logistics, Inc."",""26.27"",""0"",""n/a"",""n/a"",""n/a"",""n/a"",""http://www.nasdaq.com/symbol/rlgt^a"",";
"REE,""Rare Element Resources Ltd."",""1.63"",""77632409.35"",""n/a"",""n/a"",""Basic Industries"",""Precious Metals"",""http://www.nasdaq.com/symbol/ree"",";
"UTG,""Reaves Utility Income Fund"",""25.07"",""727388350.58"",""n/a"",""2004"",""n/a"",""n/a"",""http://www.nasdaq.com/symbol/utg"",";
"REED,""Reeds, Inc."",""8.29"",""106796405.82"",""n/a"",""n/a"",""Consumer Non-Durables"",""Beverages (Production/Distribution)"",""http://www.nasdaq.com/symbol/reed"",";
"RWC,""RELM Wireless Corporation"",""3.5"",""47531648.5"",""n/a"",""n/a"",""Technology"",""Radio And Television Broadcasting And Communications Equipment"",""http://www.nasdaq.com/symbol/rwc"",";
"RCG,""Renaissance Capital Growth & Income Fund III, Inc."",""1.42"",""6338833.14"",""n/a"",""n/a"",""n/a"",""n/a"",""http://www.nasdaq.com/symbol/rcg"",";
"RVP,""Retractable Technologies, Inc."",""3.56"",""96023299.72"",""n/a"",""n/a"",""Health Care"",""Medical/Dental Instruments"",""http://www.nasdaq.com/symbol/rvp"",";
"RVM,""Revett Minerals Inc."",""0.82"",""28369037.34"",""n/a"",""n/a"",""Basic Industries"",""Precious Metals"",""http://www.nasdaq.com/symbol/rvm"",";
"RNN,""Rexahn Pharmaceuticals, Inc."",""1.1"",""161389574.5"",""n/a"",""n/a"",""Health Care"",""Major Pharmaceuticals"",""http://www.nasdaq.com/symbol/rnn"",";
"RIC,""Richmont Mines, Inc."",""1.3"",""51474933.9"",""n/a"",""n/a"",""Basic Industries"",""Precious Metals"",""http://www.nasdaq.com/symbol/ric"",";
"REI,""Ring Energy, Inc."",""14"",""329858382"",""n/a"",""n/a"",""Energy"",""Oil & Gas Production"",""http://www.nasdaq.com/symbol/rei"",";
"RIF,""RMR Real Estate Income Fund."",""17.3"",""132371071.1"",""n/a"",""n/a"",""n/a"",""n/a"",""http://www.nasdaq.com/symbol/rif"",";
"RPI,""Roberts Realty Investors, Inc."",""0.8801"",""8813833.6182"",""n/a"",""n/a"",""Consumer Services"",""Real Estate Investment Trusts"",""http://www.nasdaq.com/symbol/rpi"",";
"RBY,""Rubicon Minerals Corp"",""1.08"",""311919231.24"",""n/a"",""n/a"",""Basic Industries"",""Precious Metals"",""http://www.nasdaq.com/symbol/rby"",";
"SGA,""Saga Communications, Inc."",""50.89"",""289329547.99"",""n/a"",""n/a"",""Consumer Services"",""Broadcasting"",""http://www.nasdaq.com/symbol/sga"",";
"SSN,""Samson Oil & Gas Limited"",""0.499"",""63563298.141"",""n/a"",""n/a"",""Energy"",""Oil & Gas Production"",""http://www.nasdaq.com/symbol/ssn"",";
"SAND          ,""Sandstorm Gold Ltd"",""5.21"",""521146598.98"",""n/a"",""n/a"",""Basic Industries"",""Precious Metals"",""http://www.nasdaq.com/symbol/sand          "",";
"SARA,""Saratoga Resources Inc"",""1.03"",""31874999.03"",""n/a"",""n/a"",""Energy"",""Oil & Gas Production"",""http://www.nasdaq.com/symbol/sara"",";
"SEB,""Seaboard Corporation"",""2635"",""3137837050"",""n/a"",""1996"",""Finance"",""Investment Bankers/Brokers/Service"",""http://www.nasdaq.com/symbol/seb"",";
"SVT,""Servotronics, Inc."",""8.35"",""20825259.05"",""n/a"",""n/a"",""Capital Goods"",""Industrial Machinery/Components"",""http://www.nasdaq.com/symbol/svt"",";
"SIF,""SIFCO Industries, Inc."",""33.93"",""182323737.18"",""n/a"",""n/a"",""Capital Goods"",""Aerospace"",""http://www.nasdaq.com/symbol/sif"",";
"SVBL,""Silver Bull Resources, Inc."",""0.3499"",""55659522.6843"",""n/a"",""n/a"",""Basic Industries"",""Precious Metals"",""http://www.nasdaq.com/symbol/svbl"",";
"SVLC,""SilverCrest Mines, Inc."",""2.06"",""224371502.3"",""n/a"",""n/a"",""Basic Industries"",""Precious Metals"",""http://www.nasdaq.com/symbol/svlc"",";
"WWZ^K,""SiM Internal Test 10"",""n/a"",""0"",""n/a"",""n/a"",""n/a"",""n/a"",""http://www.nasdaq.com/symbol/wwz^k"",";
"MMZ^K,""SiM Internal Test 6"",""n/a"",""0"",""n/a"",""n/a"",""n/a"",""n/a"",""http://www.nasdaq.com/symbol/mmz^k"",";
"OOZ^K,""SiM Internal Test 7"",""n/a"",""0"",""n/a"",""n/a"",""n/a"",""n/a"",""http://www.nasdaq.com/symbol/ooz^k"",";
"QQZ^K,""SiM Internal Test 8"",""n/a"",""0"",""n/a"",""n/a"",""n/a"",""n/a"",""http://www.nasdaq.com/symbol/qqz^k"",";
"SS^K,""SiM Internal Test 9"",""n/a"",""0"",""n/a"",""n/a"",""n/a"",""n/a"",""http://www.nasdaq.com/symbol/ss^k"",";
"SKY,""Skyline Corporation"",""5.52"",""46319666.88"",""n/a"",""n/a"",""Basic Industries"",""Homebuilding"",""http://www.nasdaq.com/symbol/sky"",";
"SLI,""SL Industries, Inc."",""27.64"",""113932080"",""n/a"",""n/a"",""Capital Goods"",""Industrial Machinery/Components"",""http://www.nasdaq.com/symbol/sli"",";
"ZXX,""SM Listed Test 3"",""n/a"",""0"",""n/a"",""n/a"",""n/a"",""n/a"",""http://www.nasdaq.com/symbol/zxx"",";
"ZXX^F,""SM Listed Test 3"",""n/a"",""0"",""n/a"",""n/a"",""n/a"",""n/a"",""http://www.nasdaq.com/symbol/zxx^f"",";
"XPL,""Solitario Exploration & Royalty Corp"",""0.915"",""34323596.205"",""n/a"",""n/a"",""Basic Industries"",""Precious Metals"",""http://www.nasdaq.com/symbol/xpl"",";
"SOQ,""Sonde Resources Corp"",""0.5009"",""28086114.6709"",""n/a"",""n/a"",""Energy"",""Oil & Gas Production"",""http://www.nasdaq.com/symbol/soq"",";
"SCE^B,""Southern California Edison Company"",""19.4439"",""0"",""n/a"",""n/a"",""n/a"",""n/a"",""http://www.nasdaq.com/symbol/sce^b"",";
"SCE^C,""Southern California Edison Company"",""20.099"",""0"",""n/a"",""n/a"",""n/a"",""n/a"",""http://www.nasdaq.com/symbol/sce^c"",";
"SCE^D,""Southern California Edison Company"",""20.7"",""0"",""n/a"",""n/a"",""n/a"",""n/a"",""http://www.nasdaq.com/symbol/sce^d"",";
"SCE^E,""Southern California Edison Company"",""22.87"",""0"",""n/a"",""n/a"",""n/a"",""n/a"",""http://www.nasdaq.com/symbol/sce^e"",";
"SGB,""Southwest Georgia Financial Corporation"",""10.75"",""27389247.75"",""n/a"",""n/a"",""Finance"",""Major Banks"",""http://www.nasdaq.com/symbol/sgb"",";
"LOV,""Spark Networks, Inc."",""6.05"",""144720858.15"",""n/a"",""n/a"",""Miscellaneous"",""Business Services"",""http://www.nasdaq.com/symbol/lov"",";
"STRP,""Straight Path Communications Inc."",""8.33"",""97978268.01"",""n/a"",""2013"",""Public Utilities"",""Telecommunications Equipment"",""http://www.nasdaq.com/symbol/strp"",";
"SSY,""SunLink Health Systems, Inc."",""0.88"",""8310199.04"",""n/a"",""n/a"",""Health Care"",""Hospital/Nursing Management"",""http://www.nasdaq.com/symbol/ssy"",";
"STS,""Supreme Industries, Inc."",""6.75"",""109988712"",""n/a"",""n/a"",""Capital Goods"",""Construction/Ag Equipment/Trucks"",""http://www.nasdaq.com/symbol/sts"",";
"SYRG,""Synergy Resources Corporation"",""8.62"",""655067935.2"",""n/a"",""n/a"",""Energy"",""Oil & Gas Production"",""http://www.nasdaq.com/symbol/syrg"",";
"SYN,""Synthetic Biologics, Inc"",""1.87"",""108234504.18"",""n/a"",""n/a"",""Health Care"",""Major Pharmaceuticals"",""http://www.nasdaq.com/symbol/syn"",";
"TRX,""Tanzanian Royalty Exploration Corporation"",""2.14"",""215974325.48"",""n/a"",""n/a"",""Basic Industries"",""Precious Metals"",""http://www.nasdaq.com/symbol/trx"",";
"TGB,""Taseko Mines Limited"",""2.19"",""422697276.45"",""n/a"",""n/a"",""Basic Industries"",""Precious Metals"",""http://www.nasdaq.com/symbol/tgb"",";
"TAS,""Tasman Metals Ltd"",""1.27"",""77344247.14"",""n/a"",""n/a"",""Basic Industries"",""Precious Metals"",""http://www.nasdaq.com/symbol/tas"",";
"TSH,""Teche Holding Company"",""70.25"",""145697165.25"",""n/a"",""n/a"",""Finance"",""Major Banks"",""http://www.nasdaq.com/symbol/tsh"",";
"TRC/WS,""Tejon Ranch Co"",""5.08"",""0"",""n/a"",""n/a"",""n/a"",""n/a"",""http://www.nasdaq.com/symbol/trc/ws"",";
"TIK,""Tel-Instrument Electronics Corp."",""5.9"",""19151913.3"",""n/a"",""n/a"",""Capital Goods"",""Electrical Products"",""http://www.nasdaq.com/symbol/tik"",";
"TGC,""Tengasco, Inc."",""0.475"",""28900146.175"",""n/a"",""n/a"",""Energy"",""Oil & Gas Production"",""http://www.nasdaq.com/symbol/tgc"",";
"GLU,""The Gabelli Global Utility and Income Trust"",""19.74"",""81520514.88"",""n/a"",""2004"",""n/a"",""n/a"",""http://www.nasdaq.com/symbol/glu"",";
"GLU^A,""The Gabelli Global Utility and Income Trust"",""50.75"",""0"",""n/a"",""n/a"",""n/a"",""n/a"",""http://www.nasdaq.com/symbol/glu^a"",";
"TXMD,""TherapeuticsMD, Inc."",""5.6"",""811820839.2"",""n/a"",""n/a"",""Health Care"",""Major Pharmaceuticals"",""http://www.nasdaq.com/symbol/txmd"",";
"TPI,""Tianyin Pharmaceutical Co., Inc."",""0.95"",""27913651.45"",""n/a"",""n/a"",""Health Care"",""Major Pharmaceuticals"",""http://www.nasdaq.com/symbol/tpi"",";
"IDI,""Tiger Media, Inc."",""1.441"",""46447407.16"",""n/a"",""n/a"",""Consumer Services"",""Advertising"",""http://www.nasdaq.com/symbol/idi"",";
"TLR,""Timberline Resources Corporation"",""0.1611"",""8964534.8358"",""n/a"",""n/a"",""Basic Industries"",""Precious Metals"",""http://www.nasdaq.com/symbol/tlr"",";
"TGD,""Timmons Gold Corp"",""1.49"",""214796977.05"",""n/a"",""2011"",""Basic Industries"",""Precious Metals"",""http://www.nasdaq.com/symbol/tgd"",";
"TOF,""Tofutti Brands Inc."",""3.52"",""18141045.12"",""n/a"",""n/a"",""Consumer Non-Durables"",""Specialty Foods"",""http://www.nasdaq.com/symbol/tof"",";
"TMP,""Tompkins Financial Corporation"",""49.16"",""723095472.36"",""n/a"",""n/a"",""Finance"",""Major Banks"",""http://www.nasdaq.com/symbol/tmp"",";
"TAT,""Transatlantic Petroleum Ltd"",""0.7801"",""291290947.006"",""n/a"",""n/a"",""Energy"",""Oil & Gas Production"",""http://www.nasdaq.com/symbol/tat"",";
"TPLM,""Triangle Petroleum Corporation"",""8.31"",""711521529.06"",""n/a"",""n/a"",""Energy"",""Oil & Gas Production"",""http://www.nasdaq.com/symbol/tplm"",";
"TRT,""Trio-Tech International"",""3.24"",""11155255.2"",""n/a"",""n/a"",""Technology"",""Industrial Machinery/Components"",""http://www.nasdaq.com/symbol/trt"",";
"HTM,""U.S. Geothermal Inc."",""0.486"",""49617947.412"",""n/a"",""n/a"",""Public Utilities"",""Electric Utilities: Central"",""http://www.nasdaq.com/symbol/htm"",";
"UAMY,""United States Antimony Corporation"",""2.15"",""134636710.9"",""n/a"",""n/a"",""Capital Goods"",""Metal Fabrications"",""http://www.nasdaq.com/symbol/uamy"",";
"UUU,""Universal Security Instruments, Inc."",""4.7"",""10753068.9"",""n/a"",""n/a"",""Consumer Non-Durables"",""Electronic Components"",""http://www.nasdaq.com/symbol/uuu"",";
"UQM,""UQM TECHNOLOGIES INC"",""2.13"",""79952687.49"",""n/a"",""n/a"",""Capital Goods"",""Industrial Machinery/Components"",""http://www.nasdaq.com/symbol/uqm"",";
"URG,""Ur Energy Inc"",""1.39"",""177308042.77"",""n/a"",""n/a"",""Basic Industries"",""Precious Metals"",""http://www.nasdaq.com/symbol/urg"",";
"URZ,""Uranerz Energy Corporation"",""1.42"",""121829005.08"",""n/a"",""n/a"",""Basic Industries"",""Precious Metals"",""http://www.nasdaq.com/symbol/urz"",";
"UEC,""Uranium Energy Corp."",""1.88"",""168629906.92"",""n/a"",""n/a"",""Basic Industries"",""Precious Metals"",""http://www.nasdaq.com/symbol/uec"",";
"VTG,""Vantage Drilling Company"",""1.83"",""555667936.23"",""n/a"",""n/a"",""Energy"",""Oil & Gas Production"",""http://www.nasdaq.com/symbol/vtg"",";
"VSB,""VantageSouth Bancshares, Inc."",""5.09"",""234332442.72"",""n/a"",""n/a"",""Finance"",""Major Banks"",""http://www.nasdaq.com/symbol/vsb"",";
"VSR,""Versar, Inc."",""4.64"",""45003782.24"",""n/a"",""1986"",""Consumer Services"",""Military/Government/Technical"",""http://www.nasdaq.com/symbol/vsr"",";
"VII,""Vicon Industries, Inc."",""3.25"",""14637626.25"",""n/a"",""n/a"",""Consumer Durables"",""Telecommunications Equipment"",""http://www.nasdaq.com/symbol/vii"",";
"VHC,""VirnetX Holding Corp"",""18.21"",""932409197.61"",""n/a"",""n/a"",""Miscellaneous"",""Multi-Sector Companies"",""http://www.nasdaq.com/symbol/vhc"",";
"VGZ,""Vista Gold Corporation"",""0.5674"",""46682958.1258"",""n/a"",""n/a"",""Basic Industries"",""Precious Metals"",""http://www.nasdaq.com/symbol/vgz"",";
"EAD,""Wells Fargo Advantage Income Opportunities Fund"",""9.16"",""650204289.16"",""n/a"",""2003"",""n/a"",""n/a"",""http://www.nasdaq.com/symbol/ead"",";
"ERC,""Wells Fargo Advantage Multi-Sector Income Fund"",""14.25"",""599283750"",""n/a"",""2003"",""n/a"",""n/a"",""http://www.nasdaq.com/symbol/erc"",";
"ERH,""Wells Fargo Advantage Utilities and High Income Fund"",""11.92"",""110035701.36"",""n/a"",""2004"",""n/a"",""n/a"",""http://www.nasdaq.com/symbol/erh"",";
"WGA,""Wells-Gardner Electronics Corporation"",""1.75"",""20485500"",""n/a"",""n/a"",""Technology"",""Radio And Television Broadcasting And Communications Equipment"",""http://www.nasdaq.com/symbol/wga"",";
"SBI,""Western Asset Intermediate Muni Fund Inc"",""9.46"",""133167606.44"",""n/a"",""1992"",""n/a"",""n/a"",""http://www.nasdaq.com/symbol/sbi"",";
"WRN,""Western Copper and Gold Corporation"",""0.76"",""71199792.12"",""n/a"",""2011"",""Basic Industries"",""Precious Metals"",""http://www.nasdaq.com/symbol/wrn"",";
"WYY,""WidePoint Corporation"",""1.9"",""121423978.3"",""n/a"",""n/a"",""Technology"",""EDP Services"",""http://www.nasdaq.com/symbol/wyy"",";
"WTT,""Wireless Telecom Group,  Inc."",""2.2"",""52873108.2"",""n/a"",""n/a"",""Capital Goods"",""Electrical Products"",""http://www.nasdaq.com/symbol/wtt"",";
"ZBB,""ZBB Energy Corporation"",""0.9399"",""16643523.624"",""n/a"",""2007"",""Public Utilities"",""Electric Utilities: Central"",""http://www.nasdaq.com/symbol/zbb"",";
